{
    "Idade (> 65 anos)": {
        "peso_no": 0.5,
        "peso_aresta": 0.1
    },
    "Incontinência ao tossir ou espirrar?": {
        "peso_no": 0.4,
        "peso_aresta": 0.2
    },
    "Diabetes Mellitus presente?": {
        "peso_no": 0.3,
        "peso_aresta": 0.1
    },
    "Prolapso Pélvico?": {
        "peso_no": 0.6,
        "peso_aresta": 0.2
    },
    "Histórico de AVC?": {
        "peso_no": 0.5,
        "peso_aresta": 0.1
    },
    "Bexiga Distendida à palpação?": {
        "peso_no": 0.6,
        "peso_aresta": 0.2
    },
    "Infecção urinária nos últimos 3 meses?": {
        "peso_no": 0.4,
        "peso_aresta": 0.1
    },
    "Resíduo pós-miccional > 150 ml?": {
        "peso_no": 0.5,
        "peso_aresta": 0.1
    },
    "Polaciúria (> 8 micções/dia)?": {
        "peso_no": 0.3,
        "peso_aresta": 0.1
    },
    "Uso crônico de diuréticos?": {
        "peso_no": 0.3,
        "peso_aresta": 0.1
    },
    "Obesidade?": {
        "peso_no": 0.4,
        "peso_aresta": 0.15
    },
    "Tabagismo?": {
        "peso_no": 0.3,
        "peso_aresta": 0.1
    },
    "Histórico Familiar de Incontinência?": {
        "peso_no": 0.2,
        "peso_aresta": 0.1
    },
    "Câncer de Próstata?": {
        "peso_no": 0.5,
        "peso_aresta": 0.2
    },
    "Lesão Medular?": {
        "peso_no": 0.6,
        "peso_aresta": 0.25
    },
    "Uso de Medicamentos Anticolinérgicos?": {
        "peso_no": 0.3,
        "peso_aresta": 0.1
    },
    "Uso de Antidepressivos?": {
        "peso_no": 0.3,
        "peso_aresta": 0.1
    },
    "Cirurgia Pélvica Anterior?": {
        "peso_no": 0.4,
        "peso_aresta": 0.15
    },
    "Doença Neurológica?": {
        "peso_no": 0.5,
        "peso_aresta": 0.2
    },
    "Imobilidade ou Sedentarismo?": {
        "peso_no": 0.3,
        "peso_aresta": 0.1
    }
}
